wall_time,type,session,nfloats,f0,f1,f2,f3,f4,f5,f6,f7,f8,f9,f10,f11,f12,f13,accuracy
1779232987.495935,0,1,14,-3979.51,0.00,792931.94,885210.88,164886.42,8066987.50,984945.38,7449408.00,33.00,33.00,33.00,33.00,33.00,33.00,737752430639
1779232987.622934,0,1,14,-148748848.00,0.00,794261.19,885583.38,166076.33,8125455.00,986062.06,7501279.50,33.00,33.00,33.00,33.00,33.00,33.00,737879645091
1779232987.750242,0,1,14,-5696963739648.00,0.00,793806.50,884368.75,164194.98,8011990.00,978979.62,7395829.50,33.00,33.00,33.00,33.00,33.00,33.00,738007043504
1779232987.877521,0,1,14,-211593625421742080.00,0.00,795115.94,886733.31,165672.64,8125168.00,985746.44,7501541.00,33.00,33.00,33.00,33.00,33.00,33.00,738134322898
1779232988.004690,0,1,14,-7669255240742976094208.00,0.00,794922.38,886417.69,165293.50,8068732.50,981860.38,7450216.00,33.00,33.00,33.00,33.00,33.00,33.00,738261458982
1779232988.131253,0,1,14,-261919582165194999725031424.00,0.00,794818.12,885074.62,165345.97,8094532.50,983638.56,7473567.50,33.00,33.00,33.00,33.00,33.00,33.00,738387863457
1779232988.258616,0,1,14,-9480345502533498173620494532608.00,0.00,794742.69,885374.56,165324.81,8055037.50,982871.81,7437861.00,33.00,33.00,33.00,33.00,33.00,33.00,738515177804
1779232988.386074,0,1,14,-349151381665736651984364770175221760.00,0.00,795112.94,886031.44,165381.52,8067187.00,981866.44,7448293.50,33.00,33.00,33.00,33.00,33.00,33.00,738642525436
1779232988.513286,0,1,14,0.00,0.00,793727.12,885615.75,165225.78,8068552.00,982929.50,7451156.50,33.00,33.00,33.00,33.00,33.00,33.00,738769772196
1779232988.641360,0,1,14,0.00,0.00,794364.44,886204.94,165351.05,8055089.00,982038.38,7438431.00,33.00,33.00,33.00,33.00,33.00,33.00,738897130245
1779232988.768416,0,1,14,0.00,0.00,794352.50,886209.81,165695.48,8050944.50,980000.25,7434596.50,33.00,33.00,33.00,33.00,33.00,33.00,739024533296
1779232988.895936,0,1,14,0.00,0.00,795036.50,886687.25,165027.75,8057279.50,980800.31,7438081.00,33.00,33.00,33.00,33.00,33.00,33.00,739152317939
1779232989.023432,0,1,14,0.00,0.00,794701.00,886337.25,165503.38,8094515.50,983882.31,7472967.50,33.00,33.00,33.00,33.00,33.00,33.00,739279662438
1779232989.151351,0,1,14,0.00,0.00,794961.06,885702.00,165664.17,8091816.00,984696.56,7472609.00,33.00,33.00,33.00,33.00,33.00,33.00,739407022724
1779232989.280999,0,1,14,0.00,0.00,794509.38,885346.19,165429.75,8050507.00,979864.69,7432097.00,33.00,33.00,33.00,33.00,33.00,33.00,739536617100
1779232989.410104,0,1,14,0.00,0.00,793966.38,885305.00,165186.02,8039687.00,980603.06,7422870.50,33.00,33.00,33.00,33.00,33.00,33.00,739664217051
1779232989.535059,0,1,14,0.51,0.00,793487.88,886195.12,165178.39,8048406.50,981951.38,7430478.50,33.00,33.00,33.00,33.00,33.00,33.00,739791515814
1779232989.662654,0,1,14,19578.14,0.00,794705.94,887645.06,164967.67,8102942.00,983570.75,7482611.00,33.00,33.00,33.00,33.00,33.00,33.00,739918804038
1779232989.789698,0,1,14,744502336.00,0.00,794744.69,887228.44,164974.44,8053105.00,981736.94,7435333.00,33.00,33.00,33.00,33.00,33.00,33.00,740046242001
1779232989.916886,0,1,14,27329266974720.00,0.00,794620.56,886252.00,165681.11,8084925.00,983491.88,7463341.00,33.00,33.00,33.00,33.00,33.00,33.00,740173469882
1779232990.044140,0,1,14,992508736708804608.00,0.00,795013.69,884832.44,164806.86,8068522.00,981478.00,7449259.50,33.00,33.00,33.00,33.00,33.00,33.00,740300710295
1779232990.171272,0,1,14,35754352161271637344256.00,0.00,793559.31,887465.62,164742.55,8054787.50,981321.25,7440031.50,33.00,33.00,33.00,33.00,33.00,33.00,740427974634
1779232990.298575,0,1,14,1315112509626578247952105472.00,0.00,794276.06,885100.06,165135.23,8086792.50,982519.81,7465931.50,33.00,33.00,33.00,33.00,33.00,33.00,740555225789
1779232990.425549,0,1,14,49935319292015014585442844540928.00,0.00,794833.00,886811.75,164937.20,8027118.00,981246.38,7412306.50,33.00,33.00,33.00,33.00,33.00,33.00,740682469742
1779232990.552852,0,1,14,1861501330945772030712232207921971200.00,0.00,794055.69,885958.88,165188.55,8030717.50,981261.56,7415674.00,33.00,33.00,33.00,33.00,33.00,33.00,740809720205
1779232990.680176,0,1,14,-0.00,0.00,792242.00,884274.62,165357.81,8026333.00,979102.00,7410608.00,33.00,33.00,33.00,33.00,33.00,33.00,740936894294
1779232990.807627,0,1,14,-0.00,0.00,794079.50,885455.94,165392.52,8011860.50,981484.06,7397725.50,33.00,33.00,33.00,33.00,33.00,33.00,741064323102
1779232990.935638,0,1,14,-0.00,0.00,793702.31,883870.75,164894.88,8060259.00,982154.69,7441383.50,33.00,33.00,33.00,33.00,33.00,33.00,741191684405
1779232991.065034,0,1,14,-0.00,0.00,793744.00,886942.12,164868.64,8081022.50,981630.75,7460264.50,33.00,33.00,33.00,33.00,33.00,33.00,741320363295
1779232991.193497,0,1,14,-0.00,0.00,792111.94,884285.44,164450.56,8017074.00,980656.69,7401456.50,33.00,33.00,33.00,33.00,33.00,33.00,741449422881
1779232991.324180,0,1,14,-0.00,0.00,794023.94,886978.44,164321.94,8032625.00,980381.56,7416647.50,33.00,33.00,33.00,33.00,33.00,33.00,741580042282
1779232991.452222,0,1,14,-0.00,0.00,794579.88,885213.81,164757.78,8069979.00,982211.31,7450355.00,33.00,33.00,33.00,33.00,33.00,33.00,741708294292
1779232991.581146,0,1,14,-0.00,0.00,794170.88,887575.44,165711.56,8066519.00,982006.00,7448976.00,33.00,33.00,33.00,33.00,33.00,33.00,741836983436
1779232991.708551,0,1,14,-4.69,0.00,795390.94,885914.75,164803.48,8027804.50,979914.25,7411397.50,33.00,33.00,33.00,33.00,33.00,33.00,741965436496
1779232991.836384,0,1,14,-169883.23,0.00,794407.12,885198.12,165435.67,8075574.50,981600.38,7455529.50,33.00,33.00,33.00,33.00,33.00,33.00,742092302031
1779232991.966578,0,1,14,-7063107584.00,0.00,793233.69,884696.19,164580.91,8047369.00,981427.44,7430248.00,33.00,33.00,33.00,33.00,33.00,33.00,742221053756
1779232992.093527,0,1,14,-273913921667072.00,0.00,792208.25,883994.25,165007.44,8069538.50,982752.50,7449361.00,33.00,33.00,33.00,33.00,33.00,33.00,742349414286
1779232992.222547,0,1,14,-12162524947574423552.00,0.00,794112.31,886120.62,164979.52,8055466.00,980642.50,7437198.50,33.00,33.00,33.00,33.00,33.00,33.00,742478367224
1779232992.351344,0,1,14,-500417868912039871643648.00,0.00,793807.50,887265.69,165323.95,8042492.50,981453.75,7426013.50,33.00,33.00,33.00,33.00,33.00,33.00,742607023978
1779232992.479890,0,1,14,-20283931169021916955113684992.00,0.00,794775.44,886655.88,165489.84,8088691.50,984077.50,7468264.50,33.00,33.00,33.00,33.00,33.00,33.00,742735942899
1779232992.607317,0,1,14,-871201076359610921822930484592640.00,0.00,793909.75,883966.81,165603.25,8108258.50,985414.69,7485405.50,33.00,33.00,33.00,33.00,33.00,33.00,742864441450
1779232992.735558,0,1,14,-32633846891915038660570877750008610816.00,0.00,794649.38,884700.12,164583.44,8063229.00,984228.25,7443563.50,33.00,33.00,33.00,33.00,33.00,33.00,742991882343
1779232992.864028,0,1,14,0.00,0.00,793739.00,885211.88,164556.36,8046493.50,980959.12,7429219.00,33.00,33.00,33.00,33.00,33.00,33.00,743120052525
1779232992.994197,0,1,14,0.00,0.00,795288.69,885533.38,165255.41,8078020.00,982504.69,7442404.50,33.00,33.00,33.00,33.00,33.00,33.00,743250527843
1779232993.122751,0,1,14,0.00,0.00,794421.00,883709.00,165237.64,8022577.00,980392.69,7405793.00,33.00,33.00,33.00,33.00,33.00,33.00,743378745876
1779232993.253582,0,1,14,0.00,0.00,794205.62,886035.31,164975.28,8061892.50,981845.19,7443452.50,33.00,33.00,33.00,33.00,33.00,33.00,743509144778
1779232993.381596,0,1,14,0.00,0.00,795036.50,886190.25,164828.02,8045967.00,982102.06,7427638.00,33.00,33.00,33.00,33.00,33.00,33.00,743637407652
1779232993.512283,0,1,14,0.00,0.00,794423.00,885799.06,165496.61,8043160.00,980958.12,7425591.00,33.00,33.00,33.00,33.00,33.00,33.00,743767903721
1779232993.639390,0,1,14,0.00,0.00,793218.81,885284.38,165464.45,8054250.00,980732.56,7435922.00,33.00,33.00,33.00,33.00,33.00,33.00,743896198171
1779232993.767102,0,1,14,0.00,0.00,794404.12,884979.50,165362.05,8053363.50,982337.75,7434458.50,33.00,33.00,33.00,33.00,33.00,33.00,744022882554
1779232993.895910,0,1,14,115.57,0.00,794388.25,886351.00,165034.52,8049769.00,982808.12,7432795.50,33.00,33.00,33.00,33.00,33.00,33.00,744151786622
1779232994.025809,0,1,14,4855116.00,0.00,794213.56,886518.62,164883.88,8032068.50,980530.25,7416372.00,33.00,33.00,33.00,33.00,33.00,33.00,744280566424
1779232994.153477,0,1,14,203415732224.00,0.00,793851.19,885124.62,165626.09,8078636.00,984720.81,7457536.50,33.00,33.00,33.00,33.00,33.00,33.00,744409100823
1779232994.282546,0,1,14,8208482977185792.00,0.00,794769.50,886265.69,165764.89,8092823.50,983787.25,7471683.50,33.00,33.00,33.00,33.00,33.00,33.00,744537803923
1779232994.410734,0,1,14,329781993688715493376.00,0.00,794031.88,885598.12,164765.39,8071424.00,983115.62,7451938.50,33.00,33.00,33.00,33.00,33.00,33.00,744666105128
1779232994.538887,0,1,14,14121082892595562557734912.00,0.00,795123.88,885380.50,165432.28,8034375.50,980495.88,7417473.00,33.00,33.00,33.00,33.00,33.00,33.00,744794809367
1779232994.666945,0,1,14,563189766757420654799840346112.00,0.00,793248.62,884835.38,165029.44,8023252.50,978387.94,7407470.50,33.00,33.00,33.00,33.00,33.00,33.00,744923297909
1779232994.794296,0,1,14,19563787886726585745128859472232448.00,0.00,794304.88,886715.69,164998.98,8064376.50,982699.88,7446793.00,33.00,33.00,33.00,33.00,33.00,33.00,745050023022
1779232994.923085,0,1,14,-0.00,0.00,794252.25,887139.19,165302.80,8054777.50,982603.81,7436353.00,33.00,33.00,33.00,33.00,33.00,33.00,745178823575
1779232995.051870,0,1,14,-0.00,0.00,794929.31,885415.75,165197.02,8076782.50,982936.56,7459223.00,33.00,33.00,33.00,33.00,33.00,33.00,745307534773
1779232995.181071,0,1,14,-0.00,0.00,793326.06,885567.69,165564.31,8075444.00,982031.31,7454307.00,33.00,33.00,33.00,33.00,33.00,33.00,745436218953
1779232995.310398,0,1,14,-0.00,0.00,793600.06,885943.19,164719.70,8018056.50,978820.81,7402465.00,33.00,33.00,33.00,33.00,33.00,33.00,745565016251
1779232995.436534,0,1,14,-0.00,0.00,793874.06,884698.12,165136.08,8029334.50,981281.75,7414389.00,33.00,33.00,33.00,33.00,33.00,33.00,745693240754
1779232995.564279,0,1,14,-0.00,0.00,793932.62,883655.06,165496.61,8099592.50,983778.12,7477933.00,33.00,33.00,33.00,33.00,33.00,33.00,745819955898
1779232995.692582,0,1,14,-0.00,0.00,793775.75,884109.00,165059.91,8048256.00,978639.81,7429191.00,33.00,33.00,33.00,33.00,33.00,33.00,745948486269
1779232995.819679,0,1,14,-0.00,0.00,793508.69,887019.62,164453.11,8016139.50,980524.19,7398523.50,33.00,33.00,33.00,33.00,33.00,33.00,746075536049
1779232995.948041,0,1,14,-0.04,0.00,794946.19,885113.81,164893.19,8019805.50,979365.00,7403739.00,33.00,33.00,33.00,33.00,33.00,33.00,746203893365
1779232996.077156,0,1,14,-1844.26,0.00,794409.12,887128.44,166148.27,8098912.00,984012.81,7476499.50,33.00,33.00,33.00,33.00,33.00,33.00,746332784698
1779232996.206078,0,1,14,-73831872.00,0.00,794883.62,885435.38,165384.05,8056303.00,982701.88,7437447.50,33.00,33.00,33.00,33.00,33.00,33.00,746461123256
1779232996.334144,0,1,14,-3180698009600.00,0.00,793449.12,884723.62,165006.59,8011980.00,981345.50,7395490.00,33.00,33.00,33.00,33.00,33.00,33.00,746589856792
1779232996.463676,0,1,14,-130926030704607232.00,0.00,794139.06,884943.25,165660.80,8071106.00,982987.12,7451339.50,33.00,33.00,33.00,33.00,33.00,33.00,746718794308
1779232996.592880,0,1,14,-5618135826453357395968.00,0.00,794457.75,886785.31,165421.28,8084935.00,983641.56,7465977.00,33.00,33.00,33.00,33.00,33.00,33.00,746847750054
1779232996.721770,0,1,14,-240074007049160389514231808.00,0.00,794283.06,885508.88,166464.78,8103648.50,984079.56,7481401.50,33.00,33.00,33.00,33.00,33.00,33.00,746976613798
1779232996.852311,0,1,14,-9667072557853714952058086359040.00,0.00,793821.44,886153.00,165241.02,8092777.50,983975.38,7470604.50,33.00,33.00,33.00,33.00,33.00,33.00,747105421310
1779232996.978738,0,1,14,-424072305124913008864635703651205120.00,0.00,795196.38,885360.88,165903.69,8097273.50,984078.50,7474214.00,33.00,33.00,33.00,33.00,33.00,33.00,747234351298
1779232997.107913,0,1,14,0.00,0.00,795408.81,886150.06,165241.02,8039816.50,982591.62,7422384.50,33.00,33.00,33.00,33.00,33.00,33.00,747363017737
1779232997.236608,0,1,14,0.00,0.00,794552.06,883823.69,165890.98,8103929.50,985145.62,7482239.50,33.00,33.00,33.00,33.00,33.00,33.00,747491757377
1779232997.364866,0,1,14,0.00,0.00,793033.19,885641.25,165581.23,8082080.00,983559.62,7461775.00,33.00,33.00,33.00,33.00,33.00,33.00,747620465035
1779232997.493978,0,1,14,0.00,0.00,793748.94,885453.00,164856.80,8039010.50,981677.25,7421228.50,33.00,33.00,33.00,33.00,33.00,33.00,747748950646
1779232997.621866,0,1,14,0.00,0.00,794175.81,885923.56,165279.95,8064325.00,981759.19,7445920.50,33.00,33.00,33.00,33.00,33.00,33.00,747877740864
1779232997.751011,0,1,14,0.00,0.00,794255.25,884575.62,166042.48,8087760.00,983737.69,7465968.00,33.00,33.00,33.00,33.00,33.00,33.00,748006654780
1779232997.879347,0,1,14,0.00,0.00,792711.56,884288.38,165191.94,8057459.00,982940.62,7439048.00,33.00,33.00,33.00,33.00,33.00,33.00,748135384533
1779232998.007956,0,1,14,0.00,0.00,792748.25,884260.94,164316.00,8006382.50,980268.25,7392137.00,33.00,33.00,33.00,33.00,33.00,33.00,748264037340
1779232998.137001,0,1,14,1.37,0.00,793834.31,885454.00,165566.84,8079345.50,984736.00,7458745.00,33.00,33.00,33.00,33.00,33.00,33.00,748392752769
1779232998.265616,0,1,14,55634.25,0.00,794154.00,885485.38,165739.50,8085084.50,985676.69,7464549.50,33.00,33.00,33.00,33.00,33.00,33.00,748521345600
1779232998.394278,0,1,14,2308551424.00,0.00,795898.19,886851.94,166023.02,8136540.50,988800.12,7511521.00,33.00,33.00,33.00,33.00,33.00,33.00,748650338739
1779232998.523841,0,1,14,101513179430912.00,0.00,794055.69,884201.12,165164.02,8031443.00,980727.50,7415325.00,33.00,33.00,33.00,33.00,33.00,33.00,748779251394
1779232998.652230,0,1,14,4126510844630532096.00,0.00,794014.00,883945.25,165179.23,8010253.00,981349.56,7393666.50,33.00,33.00,33.00,33.00,33.00,33.00,748907991359
1779232998.780962,0,1,14,170763203243789210615808.00,0.00,794510.38,884396.19,164744.23,8020223.00,978812.75,7403885.50,33.00,33.00,33.00,33.00,33.00,33.00,749036676190
1779232998.909770,0,1,14,7279432895718090345302458368.00,0.00,794200.62,885353.00,165397.59,8042782.50,982459.12,7425756.00,33.00,33.00,33.00,33.00,33.00,33.00,749165357887
1779232999.038741,0,1,14,291614184785473774412604479897600.00,0.00,794437.88,886540.19,165224.09,8068083.00,983978.38,7448586.50,33.00,33.00,33.00,33.00,33.00,33.00,749293931268
1779232999.166811,0,1,14,12188228541134583929410327423003656192.00,0.00,794677.12,886460.81,165075.14,8006184.00,980156.00,7444825.00,33.00,33.00,33.00,33.00,33.00,33.00,749422687713
1779232999.295830,0,1,14,-0.00,0.00,795168.56,885889.25,164938.89,8061642.50,983902.56,7445008.00,33.00,33.00,33.00,33.00,33.00,33.00,749551439641
1779232999.425165,0,1,14,-0.00,0.00,795394.88,886970.56,165675.17,8073210.00,983759.94,7451219.00,33.00,33.00,33.00,33.00,33.00,33.00,749680231527
1779232999.556027,0,1,14,-0.00,0.00,793743.00,887026.44,164823.80,8001491.50,980536.31,7387109.00,33.00,33.00,33.00,33.00,33.00,33.00,749809004004
1779232999.682988,0,1,14,-0.00,0.00,794773.44,886459.81,165137.77,8053632.50,982751.44,7434982.00,33.00,33.00,33.00,33.00,33.00,33.00,749937664014
1779232999.809050,0,1,14,-0.00,0.00,794201.62,885031.44,165012.52,8036246.00,981396.06,7418932.50,33.00,33.00,33.00,33.00,33.00,33.00,750066261076
1779232999.936026,0,1,14,-0.00,0.00,793903.81,886365.69,165913.84,8101539.00,984497.31,7479445.50,33.00,33.00,33.00,33.00,33.00,33.00,750192521549
1779233000.062313,0,1,14,-0.00,0.00,794454.81,885151.06,165336.66,8082013.00,982605.81,7461175.00,33.00,33.00,33.00,33.00,33.00,33.00,750319117187
1779233000.189711,0,1,14,-0.00,0.00,794828.06,885996.12,165057.38,8010650.50,980245.00,7395554.00,33.00,33.00,33.00,33.00,33.00,33.00,750445683243
